s,t,target_dim,target_masked_dim,next_dim,signatures,subalgebra_dim,num_new_gens,last_live_sig,rows_consumed,matrix_bytes,wall_us
10,0,0,0,0,0,1,0,-1,0,0,28
8,0,0,0,0,0,1,0,-1,0,0,96
4,0,0,0,0,0,1,0,-1,0,0,103
12,0,0,0,0,0,1,0,-1,0,0,59
7,0,0,0,0,0,1,0,-1,0,0,75
2,0,0,0,0,0,1,0,-1,0,0,92
9,0,0,0,0,0,1,0,-1,0,0,28
6,0,0,0,0,0,1,0,-1,0,0,103
11,0,0,0,0,0,1,0,-1,0,0,56
3,0,0,0,0,0,1,0,-1,0,0,97
5,0,0,0,0,0,1,0,-1,0,0,205
14,0,0,0,0,0,1,0,-1,0,0,3
13,0,0,0,0,0,1,0,-1,0,0,6
15,0,0,0,0,0,1,0,-1,0,0,24
16,0,0,0,0,0,1,0,-1,0,0,18
17,0,0,0,0,0,1,0,-1,0,0,4
18,0,0,0,0,0,1,0,-1,0,0,3
11,1,0,0,0,0,1,0,-1,0,0,29
20,0,0,0,0,0,1,0,-1,0,0,44
3,1,0,0,0,0,1,0,-1,0,0,11
12,1,0,0,0,0,1,0,-1,0,0,11
4,1,0,0,0,0,1,0,-1,0,0,14
7,1,0,0,0,0,1,0,-1,0,0,18
9,1,0,0,0,0,1,0,-1,0,0,4
8,1,0,0,0,0,1,0,-1,0,0,4
13,1,0,0,0,0,1,0,-1,0,0,14
14,1,0,0,0,0,1,0,-1,0,0,9
16,1,0,0,0,0,1,0,-1,0,0,6
15,1,0,0,0,0,1,0,-1,0,0,9
17,1,0,0,0,0,1,0,-1,0,0,7
5,1,0,0,0,0,1,0,-1,0,0,7
18,1,0,0,0,0,1,0,-1,0,0,17
2,1,0,0,0,0,1,0,-1,0,0,11
8,2,0,0,0,0,1,0,-1,0,0,7
4,2,0,0,0,0,1,0,-1,0,0,3
9,2,0,0,0,0,1,0,-1,0,0,6
12,2,0,0,0,0,1,0,-1,0,0,21
14,2,0,0,0,0,1,0,-1,0,0,4
15,2,0,0,0,0,1,0,-1,0,0,8
13,2,0,0,0,0,1,0,-1,0,0,15
17,2,0,0,0,0,1,0,-1,0,0,4
16,2,0,0,0,0,1,0,-1,0,0,8
3,2,0,0,0,0,1,0,-1,0,0,16
9,3,0,0,0,0,1,0,-1,0,0,10
16,3,0,0,0,0,1,0,-1,0,0,6
15,3,0,0,0,0,1,0,-1,0,0,11
13,3,0,0,0,0,1,0,-1,0,0,24
6,1,0,0,0,0,1,0,-1,0,0,18
4,3,0,0,0,0,1,0,-1,0,0,9
17,3,0,0,0,0,1,0,-1,0,0,3
16,4,0,0,0,0,1,0,-1,0,0,3
18,2,0,0,0,0,1,0,-1,0,0,9
19,0,0,0,0,0,1,0,-1,0,0,5
17,4,0,0,0,0,1,0,-1,0,0,6
6,2,0,0,0,0,1,0,-1,0,0,9
10,1,0,0,0,0,1,0,-1,0,0,6
5,2,0,0,0,0,1,0,-1,0,0,13
14,3,0,0,0,0,1,0,-1,0,0,8
7,2,0,0,0,0,1,0,-1,0,0,13
17,5,0,0,0,0,1,0,-1,0,0,15
20,1,0,0,0,0,1,0,-1,0,0,5
2,2,1,1,1,0,1,1,-1,1,8,40
19,1,0,0,0,0,1,0,-1,0,0,10
10,2,0,0,0,0,1,0,-1,0,0,3
11,2,0,0,0,0,1,0,-1,0,0,9
5,3,0,0,0,0,1,0,-1,0,0,16
18,3,0,0,0,0,1,0,-1,0,0,16
6,3,0,0,0,0,1,0,-1,0,0,7
15,4,0,0,0,0,1,0,-1,0,0,6
14,4,0,0,0,0,1,0,-1,0,0,5
8,3,0,0,0,0,1,0,-1,0,0,18
7,3,0,0,0,0,1,0,-1,0,0,8
10,3,0,0,0,0,1,0,-1,0,0,5
19,2,0,0,0,0,1,0,-1,0,0,7
20,2,0,0,0,0,1,0,-1,0,0,8
5,4,0,0,0,0,1,0,-1,0,0,8
18,4,0,0,0,0,1,0,-1,0,0,5
3,3,1,1,1,0,1,1,-1,1,8,24
2,3,2,2,2,0,1,0,-1,0,16,98
12,3,0,0,0,0,1,0,-1,0,0,6
16,5,0,0,0,0,1,0,-1,0,0,6
6,4,0,0,0,0,1,0,-1,0,0,7
15,5,0,0,0,0,1,0,-1,0,0,7
8,4,0,0,0,0,1,0,-1,0,0,10
9,4,0,0,0,0,1,0,-1,0,0,13
10,4,0,0,0,0,1,0,-1,0,0,10
19,3,0,0,0,0,1,0,-1,0,0,11
18,5,0,0,0,0,1,0,-1,0,0,8
7,4,0,0,0,0,1,0,-1,0,0,17
17,6,0,0,0,0,1,0,-1,0,0,9
20,3,0,0,0,0,1,0,-1,0,0,10
13,4,0,0,0,0,1,0,-1,0,0,13
4,4,1,1,1,0,1,1,-1,1,8,26
19,4,0,0,0,0,1,0,-1,0,0,6
16,6,0,0,0,0,1,0,-1,0,0,11
10,5,0,0,0,0,1,0,-1,0,0,12
8,5,0,0,0,0,1,0,-1,0,0,10
7,5,0,0,0,0,1,0,-1,0,0,11
18,6,0,0,0,0,1,0,-1,0,0,13
9,5,0,0,0,0,1,0,-1,0,0,14
20,4,0,0,0,0,1,0,-1,0,0,10
14,5,0,0,0,0,1,0,-1,0,0,9
6,5,0,0,0,0,1,0,-1,0,0,22
5,5,1,1,1,0,1,1,-1,1,8,23
10,6,0,0,0,0,1,0,-1,0,0,7
19,5,0,0,0,0,1,0,-1,0,0,33
9,6,0,0,0,0,1,0,-1,0,0,13
20,5,0,0,0,0,1,0,-1,0,0,12
8,6,0,0,0,0,1,0,-1,0,0,13
7,6,0,0,0,0,1,0,-1,0,0,10
3,4,1,1,3,0,1,0,-1,0,8,15
17,7,0,0,0,0,1,0,-1,0,0,22
11,3,0,0,0,0,1,0,-1,0,0,9
15,6,0,0,0,0,1,0,-1,0,0,13
2,4,3,2,2,1,2,1,0,2,24,42
18,7,0,0,0,0,1,0,-1,0,0,12
19,6,0,0,0,0,1,0,-1,0,0,4
20,6,0,0,0,0,1,0,-1,0,0,5
6,6,1,1,1,0,1,1,-1,1,8,23
10,7,0,0,0,0,1,0,-1,0,0,12
4,5,1,1,2,0,1,0,-1,0,8,23
16,7,0,0,0,0,1,0,-1,0,0,20
11,4,0,0,0,0,1,0,-1,0,0,11
9,7,0,0,0,0,1,0,-1,0,0,11
18,8,0,0,0,0,1,0,-1,0,0,10
3,5,3,1,4,1,2,0,-1,0,24,25
12,4,0,0,0,0,1,0,-1,0,0,16
11,5,0,0,0,0,1,0,-1,0,0,8
19,7,0,0,0,0,1,0,-1,0,0,15
10,8,0,0,0,0,1,0,-1,0,0,13
4,6,2,1,3,1,2,0,-1,0,16,23
20,7,0,0,0,0,1,0,-1,0,0,10
17,8,0,0,0,0,1,0,-1,0,0,8
11,6,0,0,0,0,1,0,-1,0,0,5
7,7,1,1,1,0,1,1,-1,1,8,31
5,6,1,1,2,0,1,0,-1,0,8,36
8,7,0,0,0,0,1,0,-1,0,0,42
13,5,0,0,0,0,1,0,-1,0,0,9
20,8,0,0,0,0,1,0,-1,0,0,5
18,9,0,0,0,0,1,0,-1,0,0,5
19,8,0,0,0,0,1,0,-1,0,0,8
2,5,5,2,2,1,2,1,0,3,40,111
11,7,0,0,0,0,1,0,-1,0,0,5
12,5,0,0,0,0,1,0,-1,0,0,8
14,6,0,0,0,0,1,0,-1,0,0,13
19,9,0,0,0,0,1,0,-1,0,0,11
20,9,0,0,0,0,1,0,-1,0,0,12
6,7,1,1,2,0,1,0,-1,0,8,27
9,8,0,0,0,0,1,0,-1,0,0,13
12,6,0,0,0,0,1,0,-1,0,0,9
8,8,1,1,1,0,1,1,-1,1,8,26
11,8,0,0,0,0,1,0,-1,0,0,6
19,10,0,0,0,0,1,0,-1,0,0,6
20,10,0,0,0,0,1,0,-1,0,0,6
15,7,0,0,0,0,1,0,-1,0,0,17
5,7,2,1,2,1,2,0,-1,0,16,49
10,9,0,0,0,0,1,0,-1,0,0,8
13,6,0,0,0,0,1,0,-1,0,0,33
20,11,0,0,0,0,1,0,-1,0,0,6
12,7,0,0,0,0,1,0,-1,0,0,8
7,8,1,1,2,0,1,0,-1,0,8,19
11,9,0,0,0,0,1,0,-1,0,0,11
9,9,1,1,1,0,1,1,-1,1,8,25
16,8,0,0,0,0,1,0,-1,0,0,7
13,7,0,0,0,0,1,0,-1,0,0,7
14,7,0,0,0,0,1,0,-1,0,0,6
8,9,1,1,2,0,1,0,-1,0,8,20
12,8,0,0,0,0,1,0,-1,0,0,13
17,9,0,0,0,0,1,0,-1,0,0,10
11,10,0,0,0,0,1,0,-1,0,0,13
6,8,2,1,2,1,2,0,-1,0,16,25
15,8,0,0,0,0,1,0,-1,0,0,11
13,8,0,0,0,0,1,0,-1,0,0,10
14,8,0,0,0,0,1,0,-1,0,0,14
10,10,1,1,1,0,1,1,-1,1,8,24
12,9,0,0,0,0,1,0,-1,0,0,5
3,6,4,2,5,1,2,1,0,3,32,37
16,9,0,0,0,0,1,0,-1,0,0,9
13,9,0,0,0,0,1,0,-1,0,0,8
18,10,0,0,0,0,1,0,-1,0,0,16
14,9,0,0,0,0,1,0,-1,0,0,9
9,10,1,1,2,0,1,0,-1,0,8,23
12,10,0,0,0,0,1,0,-1,0,0,6
17,10,0,0,0,0,1,0,-1,0,0,10
15,9,0,0,0,0,1,0,-1,0,0,10
11,11,1,1,1,0,1,1,-1,1,8,17
2,6,5,3,3,1,2,0,-1,0,40,145
7,9,2,1,2,1,2,0,-1,0,16,45
19,11,0,0,0,0,1,0,-1,0,0,16
15,10,0,0,0,0,1,0,-1,0,0,13
18,11,0,0,0,0,1,0,-1,0,0,12
16,10,0,0,0,0,1,0,-1,0,0,13
13,10,0,0,0,0,1,0,-1,0,0,20
12,11,0,0,0,0,1,0,-1,0,0,17
14,10,0,0,0,0,1,0,-1,0,0,17
10,11,1,1,2,0,1,0,-1,0,8,22
17,11,0,0,0,0,1,0,-1,0,0,7
4,7,3,1,5,1,2,0,-1,0,24,83
16,11,0,0,0,0,1,0,-1,0,0,10
20,12,0,0,0,0,1,0,-1,0,0,10
19,12,0,0,0,0,1,0,-1,0,0,10
13,11,0,0,0,0,1,0,-1,0,0,12
14,11,0,0,0,0,1,0,-1,0,0,12
15,11,0,0,0,0,1,0,-1,0,0,10
8,10,2,1,2,1,2,0,-1,0,16,30
2,7,7,4,4,1,2,0,-1,0,56,44
11,12,1,1,2,0,1,0,-1,0,8,28
12,12,1,1,1,0,1,1,-1,1,8,29
13,12,0,0,0,0,1,0,-1,0,0,7
16,12,0,0,0,0,1,0,-1,0,0,8
14,12,0,0,0,0,1,0,-1,0,0,7
15,12,0,0,0,0,1,0,-1,0,0,6
3,7,5,3,7,1,2,0,-1,0,40,62
5,8,2,1,3,1,2,0,-1,0,16,19
12,13,1,1,2,0,1,0,-1,0,8,12
9,11,2,1,2,1,2,0,-1,0,16,21
15,13,0,0,0,0,1,0,-1,0,0,5
14,13,0,0,0,0,1,0,-1,0,0,8
13,13,1,1,1,0,1,1,-1,1,8,17
17,12,0,0,0,0,1,0,-1,0,0,9
16,13,0,0,0,0,1,0,-1,0,0,12
18,12,0,0,0,0,1,0,-1,0,0,12
20,13,0,0,0,0,1,0,-1,0,0,12
6,9,2,1,2,1,2,0,-1,0,16,20
10,12,2,1,2,1,2,0,-1,0,16,22
15,14,0,0,0,0,1,0,-1,0,0,6
14,14,1,1,1,0,1,1,-1,1,8,13
13,14,1,1,2,0,1,0,-1,0,8,15
4,8,3,2,7,1,2,0,-1,0,24,63
19,13,0,0,0,0,1,0,-1,0,0,9
18,13,0,0,0,0,1,0,-1,0,0,6
11,13,2,1,2,1,2,0,-1,0,16,20
7,10,2,1,2,1,2,0,-1,0,16,22
20,14,0,0,0,0,1,0,-1,0,0,6
5,9,2,1,5,1,2,0,-1,0,16,28
19,14,0,0,0,0,1,0,-1,0,0,8
15,15,1,1,1,0,1,1,-1,1,8,14
3,8,7,4,9,1,2,0,-1,0,56,150
14,15,1,1,2,0,1,0,-1,0,8,24
17,13,0,0,0,0,1,0,-1,0,0,6
16,14,0,0,0,0,1,0,-1,0,0,8
8,11,2,1,2,1,2,0,-1,0,16,31
6,10,2,1,3,1,2,0,-1,0,16,26
17,14,0,0,0,0,1,0,-1,0,0,6
12,14,2,1,2,1,2,0,-1,0,16,26
20,15,0,0,0,0,1,0,-1,0,0,17
15,16,1,1,2,0,1,0,-1,0,8,11
16,15,0,0,0,0,1,0,-1,0,0,6
9,12,2,1,2,1,2,0,-1,0,16,15
7,11,2,1,3,1,2,0,-1,0,16,17
17,15,0,0,0,0,1,0,-1,0,0,5
13,15,2,1,2,1,2,0,-1,0,16,33
18,14,0,0,0,0,1,0,-1,0,0,5
17,16,0,0,0,0,1,0,-1,0,0,7
16,16,1,1,1,0,1,1,-1,1,8,12
10,13,2,1,2,1,2,0,-1,0,16,23
8,12,2,1,3,1,2,0,-1,0,16,22
4,9,5,3,8,1,2,0,-1,0,40,77
18,15,0,0,0,0,1,0,-1,0,0,9
19,15,0,0,0,0,1,0,-1,0,0,8
14,16,2,1,2,1,2,0,-1,0,16,26
17,17,1,1,1,0,1,1,-1,1,8,17
16,17,1,1,2,0,1,0,-1,0,8,19
2,8,9,5,4,1,2,1,0,3,72,244
9,13,2,1,3,1,2,0,-1,0,16,20
20,16,0,0,0,0,1,0,-1,0,0,6
18,16,0,0,0,0,1,0,-1,0,0,7
11,14,2,1,2,1,2,0,-1,0,16,27
19,16,0,0,0,0,1,0,-1,0,0,10
17,18,1,1,2,0,1,0,-1,0,8,12
15,17,2,1,2,1,2,0,-1,0,16,19
10,14,2,1,3,1,2,0,-1,0,16,22
19,17,0,0,0,0,1,0,-1,0,0,8
20,17,0,0,0,0,1,0,-1,0,0,7
18,17,0,0,0,0,1,0,-1,0,0,9
5,10,3,2,6,1,2,0,-1,0,24,81
16,18,2,1,2,1,2,0,-1,0,16,26
12,15,2,1,2,1,2,0,-1,0,16,36
19,18,0,0,0,0,1,0,-1,0,0,7
20,18,0,0,0,0,1,0,-1,0,0,7
18,18,1,1,1,0,1,1,-1,1,8,12
11,15,2,1,3,1,2,0,-1,0,16,31
20,19,0,0,0,0,1,0,-1,0,0,6
19,19,1,1,1,0,1,1,-1,1,8,11
17,19,2,1,2,1,2,0,-1,0,16,16
13,16,2,1,2,1,2,0,-1,0,16,17
18,19,1,1,2,0,1,0,-1,0,8,17
6,11,3,2,4,1,2,0,-1,0,24,36
12,16,2,1,3,1,2,0,-1,0,16,19
14,17,2,1,2,1,2,0,-1,0,16,18
3,9,9,4,10,1,2,0,-1,0,72,133
19,20,1,1,2,0,1,0,-1,0,8,14
18,20,2,1,2,1,2,0,-1,0,16,13
20,20,1,1,1,0,1,1,-1,1,8,28
7,12,3,2,4,1,2,0,-1,0,24,21
13,17,2,1,3,1,2,0,-1,0,16,16
15,18,2,1,2,1,2,0,-1,0,16,20
20,21,1,1,2,0,1,0,-1,0,8,13
2,9,11,5,5,1,2,1,0,3,88,190
19,21,2,1,2,1,2,0,-1,0,16,24
8,13,3,2,4,1,2,0,-1,0,24,26
14,18,2,1,3,1,2,0,-1,0,16,38
16,19,2,1,2,1,2,0,-1,0,16,27
20,22,2,1,2,1,2,0,-1,0,16,14
9,14,3,2,4,1,2,0,-1,0,24,28
15,19,2,1,3,1,2,0,-1,0,16,17
17,20,2,1,2,1,2,0,-1,0,16,18
18,21,2,1,2,1,2,0,-1,0,16,15
10,15,3,2,4,1,2,0,-1,0,24,42
16,20,2,1,3,1,2,0,-1,0,16,24
19,22,2,1,2,1,2,0,-1,0,16,15
17,21,2,1,3,1,2,0,-1,0,16,21
3,10,11,6,13,1,2,1,0,3,88,142
4,10,6,3,10,1,2,0,-1,0,48,211
18,22,2,1,3,1,2,0,-1,0,16,17
2,10,13,8,6,1,2,1,0,4,104,166
20,23,2,1,2,1,2,0,-1,0,16,24
19,23,2,1,3,1,2,0,-1,0,16,15
20,24,2,1,3,1,2,0,-1,0,16,11
11,16,3,2,4,1,2,0,-1,0,24,137
5,11,4,2,6,1,2,0,-1,0,32,92
4,11,7,3,15,1,2,1,0,3,56,99
3,11,16,9,17,1,2,1,0,6,128,307
2,11,17,9,6,1,2,0,-1,0,136,396
12,17,3,2,4,1,2,0,-1,0,24,21
13,18,3,2,4,1,2,0,-1,0,24,20
6,12,4,2,4,1,2,0,-1,0,32,204
14,19,3,2,4,1,2,0,-1,0,24,60
5,12,5,2,9,1,2,0,-1,0,40,112
15,20,3,2,4,1,2,0,-1,0,24,41
7,13,4,2,4,1,2,0,-1,0,32,80
8,14,4,2,4,1,2,0,-1,0,32,52
6,13,4,2,6,1,2,0,-1,0,32,115
16,21,3,2,4,1,2,0,-1,0,24,97
7,14,4,2,5,1,2,0,-1,0,32,17
4,12,10,6,19,1,2,0,-1,0,80,286
9,15,4,2,4,1,2,0,-1,0,32,39
17,22,3,2,4,1,2,0,-1,0,24,44
2,12,18,9,7,1,2,0,-1,0,144,433
10,16,4,2,4,1,2,0,-1,0,32,32
3,12,19,10,18,1,2,1,0,6,152,363
11,17,4,2,4,1,2,0,-1,0,32,15
5,13,6,4,13,1,2,0,-1,0,48,103
18,23,3,2,4,1,2,0,-1,0,24,81
12,18,4,2,4,1,2,0,-1,0,32,57
6,14,5,3,8,1,2,0,-1,0,40,72
13,19,4,2,4,1,2,0,-1,0,32,55
19,24,3,2,4,1,2,0,-1,0,24,84
2,13,20,5,8,3,4,0,-1,0,160,169
20,25,3,2,4,1,2,0,-1,0,24,17
7,15,5,3,6,1,2,0,-1,0,40,74
4,13,14,7,21,1,2,1,0,5,112,221
5,14,9,4,15,1,2,1,0,3,72,59
8,15,4,2,5,1,2,0,-1,0,32,375
14,20,4,2,4,1,2,0,-1,0,32,201
15,21,4,2,4,1,2,0,-1,0,32,24
9,16,4,2,5,1,2,0,-1,0,32,67
6,15,7,3,9,1,2,0,-1,0,56,87
10,17,4,2,5,1,2,0,-1,0,32,26
8,16,5,3,6,1,2,0,-1,0,40,110
2,14,24,9,9,3,4,0,-1,0,192,299
11,18,4,2,5,1,2,0,-1,0,32,36
3,13,21,11,20,1,2,0,-1,0,168,475
7,16,6,3,7,1,2,0,-1,0,48,89
16,22,4,2,4,1,2,0,-1,0,32,169
9,17,5,3,6,1,2,0,-1,0,40,170
17,23,4,2,4,1,2,0,-1,0,32,26
10,18,5,3,6,1,2,0,-1,0,40,21
12,19,4,2,5,1,2,0,-1,0,32,192
18,24,4,2,4,1,2,0,-1,0,32,33
4,14,15,8,25,1,2,0,-1,0,120,230
19,25,4,2,4,1,2,0,-1,0,32,41
11,19,5,3,6,1,2,0,-1,0,40,71
3,14,25,14,24,1,2,0,-1,0,200,287
20,26,4,2,4,1,2,0,-1,0,32,82
13,20,4,2,5,1,2,0,-1,0,32,165
12,20,5,3,6,1,2,0,-1,0,40,101
5,15,9,5,18,1,2,0,-1,0,72,123
2,15,27,5,11,7,8,0,-1,0,216,386
14,21,4,2,5,1,2,0,-1,0,32,40
13,21,5,3,6,1,2,0,-1,0,40,73
6,16,7,4,11,1,2,1,0,2,56,72
15,22,4,2,5,1,2,0,-1,0,32,59
4,15,18,10,29,1,2,0,-1,0,144,195
8,17,6,3,6,1,2,0,-1,0,48,497
16,23,4,2,5,1,2,0,-1,0,32,32
14,22,5,3,6,1,2,0,-1,0,40,117
17,24,4,2,5,1,2,0,-1,0,32,51
9,18,6,3,6,1,2,0,-1,0,48,66
10,19,6,3,6,1,2,0,-1,0,48,22
18,25,4,2,5,1,2,0,-1,0,32,80
7,17,7,3,9,1,2,0,-1,0,56,281
19,26,4,2,5,1,2,0,-1,0,32,18
15,23,5,3,6,1,2,0,-1,0,40,268
20,27,4,2,5,1,2,0,-1,0,32,80
11,20,6,3,6,1,2,0,-1,0,48,218
8,18,6,3,8,1,2,0,-1,0,48,114
5,16,11,6,21,1,2,1,0,4,88,411
2,16,31,7,12,7,8,1,6,8,248,537
3,15,29,15,27,1,2,0,-1,0,232,733
16,24,5,3,6,1,2,0,-1,0,40,272
12,21,6,3,6,1,2,0,-1,0,48,301
9,19,6,3,7,1,2,0,-1,0,48,327
13,22,6,3,6,1,2,0,-1,0,48,77
6,17,10,5,13,1,2,1,0,3,80,430
17,25,5,3,6,1,2,0,-1,0,40,182
10,20,6,3,7,1,2,0,-1,0,48,149
18,26,5,3,6,1,2,0,-1,0,40,118
11,21,6,3,7,1,2,0,-1,0,48,117
7,18,9,5,11,1,2,1,0,3,72,216
14,23,6,3,6,1,2,0,-1,0,48,242
19,27,5,3,6,1,2,0,-1,0,40,74
12,22,6,3,7,1,2,0,-1,0,48,69
20,28,5,3,6,1,2,0,-1,0,40,42
15,24,6,3,6,1,2,0,-1,0,48,130
13,23,6,3,7,1,2,0,-1,0,48,158
2,17,37,5,13,7,8,1,5,3,296,855
8,19,8,4,11,1,2,0,-1,0,64,299
16,25,6,3,6,1,2,0,-1,0,48,176
3,16,33,13,31,3,4,0,-1,0,264,937
14,24,6,3,7,1,2,0,-1,0,48,127
17,26,6,3,6,1,2,0,-1,0,48,82
9,20,7,4,9,1,2,0,-1,0,56,190
4,16,21,11,33,1,2,0,-1,0,168,1087
18,27,6,3,6,1,2,0,-1,0,48,83
15,25,6,3,7,1,2,0,-1,0,48,181
16,26,6,3,7,1,2,0,-1,0,48,70
19,28,6,3,6,1,2,0,-1,0,48,98
5,17,13,7,24,1,2,0,-1,0,104,158
17,27,6,3,7,1,2,0,-1,0,48,22
4,17,24,13,39,1,2,0,-1,0,192,244
2,18,41,6,15,7,8,1,1,4,328,542
10,21,7,4,8,1,2,0,-1,0,56,321
20,29,6,3,6,1,2,0,-1,0,48,230
11,22,7,4,8,1,2,0,-1,0,56,93
6,18,11,6,15,1,2,0,-1,0,88,203
18,28,6,3,7,1,2,0,-1,0,48,308
5,18,15,8,29,1,2,0,-1,0,120,298
19,29,6,3,7,1,2,0,-1,0,48,68
7,19,11,6,13,1,2,0,-1,0,88,188
12,23,7,4,8,1,2,0,-1,0,56,226
6,19,13,7,18,1,2,0,-1,0,104,208
8,20,9,5,13,1,2,0,-1,0,72,144
13,24,7,4,8,1,2,0,-1,0,56,127
20,30,6,3,7,1,2,0,-1,0,48,168
14,25,7,4,8,1,2,0,-1,0,56,46
9,21,8,4,11,1,2,0,-1,0,64,116
3,17,40,12,36,3,4,1,2,14,320,1063
2,19,47,7,16,7,8,0,-1,0,376,659
10,22,8,4,9,1,2,0,-1,0,64,135
7,20,13,7,16,1,2,0,-1,0,104,324
4,18,30,16,45,1,2,1,0,12,240,159
15,26,7,4,8,1,2,0,-1,0,56,274
11,23,8,4,9,1,2,0,-1,0,64,90
16,27,7,4,8,1,2,0,-1,0,56,19
8,21,11,6,15,1,2,0,-1,0,88,181
12,24,8,4,9,1,2,0,-1,0,64,205
5,19,19,10,34,1,2,1,0,6,152,298
17,28,7,4,8,1,2,0,-1,0,56,107
2,20,52,11,17,7,8,1,6,7,416,438
13,25,8,4,9,1,2,0,-1,0,64,147
9,22,9,5,13,1,2,0,-1,0,72,209
18,29,7,4,8,1,2,0,-1,0,56,55
19,30,7,4,8,1,2,0,-1,0,56,54
14,26,8,4,9,1,2,0,-1,0,64,86
15,27,8,4,9,1,2,0,-1,0,64,37
3,18,46,7,41,7,8,1,5,3,368,783
10,23,9,5,11,1,2,0,-1,0,72,165
6,20,17,9,22,1,2,1,0,3,136,274
16,28,8,4,9,1,2,0,-1,0,64,39
11,24,9,5,11,1,2,0,-1,0,72,111
7,21,16,8,19,1,2,0,-1,0,128,165
12,25,9,5,11,1,2,0,-1,0,72,71
17,29,8,4,9,1,2,0,-1,0,64,158
18,30,8,4,9,1,2,0,-1,0,64,46
20,31,7,4,8,1,2,0,-1,0,56,335
2,21,56,8,20,7,8,0,-1,0,448,498
19,31,8,4,9,1,2,0,-1,0,64,78
8,22,13,7,18,1,2,0,-1,0,104,238
20,32,8,4,9,1,2,0,-1,0,64,41
13,26,9,5,11,1,2,0,-1,0,72,282
14,27,9,5,11,1,2,0,-1,0,72,79
15,28,9,5,11,1,2,0,-1,0,72,103
9,23,11,6,14,1,2,0,-1,0,88,279
4,19,35,11,53,3,4,1,1,3,280,795
10,24,11,6,12,1,2,0,-1,0,88,106
16,29,9,5,11,1,2,0,-1,0,72,214
17,30,9,5,11,1,2,0,-1,0,72,160
3,19,54,7,47,7,8,0,-1,0,432,1183
11,25,11,6,12,1,2,0,-1,0,88,392
5,20,23,12,40,1,2,2,0,10,184,535
18,31,9,5,11,1,2,0,-1,0,72,180
12,26,11,6,12,1,2,0,-1,0,88,113
19,32,9,5,11,1,2,0,-1,0,72,165
2,22,64,12,22,7,8,0,-1,0,512,1218
6,21,21,10,26,1,2,1,0,3,168,197
20,33,9,5,11,1,2,0,-1,0,72,104
13,27,11,6,12,1,2,0,-1,0,88,347
4,20,40,13,62,3,4,0,-1,0,320,619
7,22,19,10,24,1,2,1,0,3,152,263
14,28,11,6,12,1,2,0,-1,0,88,310
8,23,15,7,23,1,2,1,0,3,120,208
3,20,62,12,52,7,8,1,6,8,496,1018
5,21,26,14,47,1,2,0,-1,0,208,446
9,24,13,6,17,1,2,0,-1,0,104,109
15,29,11,6,12,1,2,0,-1,0,88,176
10,25,12,6,14,1,2,0,-1,0,96,88
2,23,73,13,23,7,8,0,-1,0,584,765
11,26,12,6,13,1,2,0,-1,0,96,98
16,30,11,6,12,1,2,0,-1,0,88,275
6,22,24,14,30,1,2,1,0,9,192,318
12,27,12,6,13,1,2,0,-1,0,96,123
13,28,12,6,13,1,2,0,-1,0,96,156
17,31,11,6,12,1,2,0,-1,0,88,274
7,23,24,13,30,1,2,1,0,6,192,267
4,21,48,8,68,7,8,1,5,13,768,766
2,24,78,13,26,7,8,0,-1,0,624,607
18,32,11,6,12,1,2,0,-1,0,88,228
8,24,18,10,28,1,2,0,-1,0,144,158
14,29,12,6,13,1,2,0,-1,0,96,262
3,21,69,11,56,7,8,1,5,19,552,1109
9,25,14,8,22,1,2,0,-1,0,112,202
19,33,11,6,12,1,2,0,-1,0,88,274
15,30,12,6,13,1,2,0,-1,0,96,275
10,26,13,7,17,1,2,0,-1,0,104,132
5,22,31,8,52,3,4,1,0,6,248,588
20,34,11,6,12,1,2,0,-1,0,88,230
11,27,13,7,15,1,2,0,-1,0,104,254
16,31,12,6,13,1,2,0,-1,0,96,380
4,22,53,10,77,7,8,2,6,30,848,561
6,23,31,16,34,1,2,1,0,7,248,397
12,28,13,7,15,1,2,0,-1,0,104,225
13,29,13,7,15,1,2,0,-1,0,104,204
3,22,77,14,64,7,8,1,6,26,616,962
7,24,29,15,33,1,2,1,0,11,232,325
2,25,87,11,28,7,8,0,-1,0,696,1356
14,30,13,7,15,1,2,0,-1,0,104,197
8,25,23,12,32,1,2,1,0,5,184,218
5,23,36,11,59,3,4,1,2,9,288,704
4,23,60,9,90,7,8,0,-1,0,960,457
15,31,13,7,15,1,2,0,-1,0,104,315
9,26,18,9,25,1,2,1,0,3,144,347
3,23,90,16,73,7,8,0,-1,0,1440,651
2,26,97,16,29,7,8,0,-1,0,776,683
10,27,16,8,19,1,2,0,-1,0,128,154
17,32,12,6,13,1,2,0,-1,0,96,1265
6,24,34,17,40,1,2,0,-1,0,272,510
16,32,13,7,15,1,2,0,-1,0,104,1307
11,28,15,8,17,1,2,0,-1,0,120,1106
18,33,12,6,13,1,2,0,-1,0,96,1265
17,33,13,7,15,1,2,0,-1,0,104,213
7,25,32,17,38,1,2,0,-1,0,256,1306
5,24,40,6,71,7,8,0,-1,0,640,1716
12,29,15,8,16,1,2,0,-1,0,120,209
18,34,13,7,15,1,2,0,-1,0,104,400
4,24,71,14,100,7,8,1,6,14,1136,2101
8,26,25,13,37,1,2,0,-1,0,200,605
19,34,12,6,13,1,2,0,-1,0,96,730
13,30,15,8,16,1,2,0,-1,0,120,198
19,35,13,7,15,1,2,0,-1,0,104,289
20,35,12,6,13,1,2,0,-1,0,96,343
6,25,38,11,49,3,4,0,-1,0,304,1081
9,27,19,10,28,1,2,0,-1,0,152,451
14,31,15,8,16,1,2,0,-1,0,120,382
10,28,17,9,21,1,2,1,0,2,136,195
2,27,102,16,32,7,8,0,-1,0,816,2607
15,32,15,8,16,1,2,0,-1,0,120,187
20,36,13,7,15,1,2,0,-1,0,104,326
11,29,17,8,19,1,2,0,-1,0,136,174
12,30,16,8,18,1,2,0,-1,0,128,106
16,33,15,8,16,1,2,0,-1,0,120,289
7,26,37,20,47,1,2,0,-1,0,296,559
17,34,15,8,16,1,2,0,-1,0,120,240
8,27,28,15,43,1,2,0,-1,0,224,316
13,31,16,8,17,1,2,0,-1,0,128,506
18,35,15,8,16,1,2,0,-1,0,120,219
14,32,16,8,17,1,2,0,-1,0,128,107
9,28,21,11,33,1,2,1,0,4,168,240
2,28,111,19,35,7,8,0,-1,0,888,1051
15,33,16,8,17,1,2,0,-1,0,128,198
5,25,50,10,80,7,8,1,5,11,800,1977
16,34,16,8,17,1,2,0,-1,0,128,98
19,36,15,8,16,1,2,0,-1,0,120,264
10,29,20,10,25,1,2,1,0,3,160,392
20,37,15,8,16,1,2,0,-1,0,120,205
11,30,19,10,23,1,2,1,0,3,152,276
3,24,100,20,78,7,8,1,6,25,1600,4620
17,35,16,8,17,1,2,0,-1,0,128,375
6,26,48,17,56,3,4,1,2,10,384,607
18,36,16,8,17,1,2,0,-1,0,128,115
12,31,18,9,23,1,2,0,-1,0,144,209
19,37,16,8,17,1,2,0,-1,0,128,54
20,38,16,8,17,1,2,0,-1,0,128,71
13,32,17,9,21,1,2,0,-1,0,136,321
7,27,44,23,53,1,2,0,-1,0,352,468
14,33,17,9,20,1,2,0,-1,0,136,413
8,28,33,18,49,1,2,0,-1,0,264,445
15,34,17,9,20,1,2,0,-1,0,136,79
4,25,81,15,111,7,8,0,-1,0,1296,1161
3,25,111,16,87,7,8,0,-1,0,1776,1275
16,35,17,9,20,1,2,0,-1,0,136,386
2,29,123,19,37,7,8,0,-1,0,984,2197
9,29,25,14,37,1,2,0,-1,0,200,537
17,36,17,9,20,1,2,0,-1,0,136,186
5,26,56,11,89,7,8,1,6,5,896,641
18,37,17,9,20,1,2,0,-1,0,136,256
10,30,23,13,28,1,2,0,-1,0,184,482
19,38,17,9,20,1,2,0,-1,0,136,366
4,26,89,15,126,7,8,1,6,27,1424,1161
20,39,17,9,20,1,2,0,-1,0,136,169
11,31,23,13,26,1,2,0,-1,0,184,407
6,27,54,10,62,7,8,0,-1,0,432,707
2,30,132,22,41,7,8,0,-1,0,1056,1087
3,26,126,20,97,7,8,0,-1,0,2016,1630
12,32,21,12,26,1,2,0,-1,0,168,513
13,33,20,11,24,1,2,0,-1,0,160,264
7,28,49,17,60,3,4,0,-1,0,392,689
5,27,63,9,104,7,8,0,-1,0,1008,1068
14,34,20,11,22,1,2,0,-1,0,160,356
15,35,20,11,22,1,2,0,-1,0,160,275
8,29,37,19,56,1,2,0,-1,0,296,622
2,31,144,22,45,7,8,0,-1,0,1152,1391
6,28,60,10,74,7,8,0,-1,0,960,563
4,27,104,15,138,7,8,1,6,23,2496,1154
16,36,20,11,22,1,2,0,-1,0,160,339
3,27,138,21,102,7,8,0,-1,0,2208,1849
17,37,20,11,22,1,2,0,-1,0,160,552
9,30,28,14,41,1,2,0,-1,0,224,571
18,38,20,11,22,1,2,0,-1,0,160,144
19,39,20,11,22,1,2,0,-1,0,160,524
10,31,26,13,30,1,2,0,-1,0,208,766
5,28,75,12,115,7,8,1,6,10,1200,1427
7,29,56,17,72,3,4,0,-1,0,896,1310
4,28,115,20,149,7,8,0,-1,0,2760,1465
20,40,20,11,22,1,2,0,-1,0,160,298
11,32,26,13,28,1,2,0,-1,0,208,288
2,32,159,26,47,7,8,1,6,13,1272,2053
12,33,24,12,27,1,2,0,-1,0,192,446
8,30,41,22,64,1,2,1,0,10,328,648
3,28,149,26,111,7,8,0,-1,0,2384,2310
6,29,73,11,84,7,8,1,6,11,1168,1218
9,31,31,16,47,1,2,1,0,6,248,681
5,29,84,14,124,7,8,1,6,22,1344,1341
10,32,29,15,36,1,2,1,0,3,232,412
7,30,65,11,80,7,8,1,6,13,1040,921
11,33,28,14,33,1,2,0,-1,0,224,261
4,29,124,20,165,7,8,0,-1,0,2976,1350
2,33,171,24,51,7,8,1,5,3,1368,1793
6,30,81,14,91,7,8,0,-1,0,1296,1115
12,34,25,13,32,1,2,0,-1,0,200,348
8,31,48,14,72,3,4,1,1,8,768,511
3,29,165,26,123,7,8,0,-1,0,2640,1995
9,32,37,20,53,1,2,2,0,11,296,332
7,31,72,11,89,7,8,0,-1,0,1152,704
13,34,22,11,25,1,2,0,-1,0,176,2613
5,30,91,16,139,7,8,0,-1,0,2184,993
14,35,22,11,23,1,2,0,-1,0,176,120
10,33,35,18,41,1,2,1,0,3,280,396
13,35,23,12,28,1,2,0,-1,0,184,267
15,36,22,11,23,1,2,0,-1,0,176,238
11,34,33,18,39,1,2,1,0,3,264,326
14,36,23,12,26,1,2,0,-1,0,184,255
16,37,22,11,23,1,2,0,-1,0,176,319
2,34,184,22,55,15,16,1,10,5,1472,1747
12,35,29,15,38,1,2,1,0,3,232,422
8,32,53,17,81,3,4,0,-1,0,848,1009
15,37,23,12,26,1,2,0,-1,0,184,423
4,30,139,24,181,7,8,0,-1,0,3336,1443
13,36,27,14,32,1,2,0,-1,0,216,218
3,30,181,31,132,7,8,0,-1,0,4344,1636
16,38,23,12,26,1,2,0,-1,0,184,388
17,38,22,11,23,1,2,0,-1,0,176,673
9,33,41,21,59,1,2,0,-1,0,328,461
6,31,89,14,103,7,8,0,-1,0,1424,1496
17,39,23,12,26,1,2,0,-1,0,184,260
18,39,22,11,23,1,2,0,-1,0,176,335
14,37,26,14,29,1,2,0,-1,0,208,838
19,40,22,11,23,1,2,0,-1,0,176,233
10,34,39,21,44,1,2,1,0,9,312,487
18,40,23,12,26,1,2,0,-1,0,184,364
5,31,103,17,154,7,8,0,-1,0,2472,1229
15,38,26,14,28,1,2,0,-1,0,208,313
4,31,154,25,197,7,8,0,-1,0,4928,1320
11,35,39,20,44,1,2,1,0,6,312,463
7,32,81,14,103,7,8,0,-1,0,1296,1141
3,31,197,31,144,7,8,0,-1,0,4728,1491
2,35,201,16,58,15,16,0,-1,0,1608,1871
12,36,33,17,42,1,2,0,-1,0,264,478
19,41,23,12,26,1,2,0,-1,0,184,876
8,33,59,9,90,7,8,1,6,13,944,635
13,37,29,15,36,1,2,0,-1,0,232,355
14,38,28,14,31,1,2,0,-1,0,224,213
6,32,103,19,115,7,8,1,6,16,1648,1413
20,41,22,11,23,1,2,0,-1,0,176,1895
15,39,28,14,29,1,2,0,-1,0,224,288
5,32,115,20,168,7,8,0,-1,0,2760,1574
16,39,26,14,28,1,2,0,-1,0,208,1796
20,42,23,12,26,1,2,0,-1,0,184,144
9,34,45,12,65,3,4,1,0,5,720,940
16,40,28,14,29,1,2,0,-1,0,224,264
2,36,214,26,63,15,16,1,13,12,1712,1448
17,40,26,14,28,1,2,0,-1,0,208,415
7,33,91,15,113,7,8,1,6,10,1456,915
4,32,168,29,218,7,8,0,-1,0,5376,2214
18,41,26,14,28,1,2,0,-1,0,208,258
10,35,45,23,50,1,2,1,0,7,360,789
19,42,26,14,28,1,2,0,-1,0,208,248
17,41,28,14,29,1,2,0,-1,0,224,554
8,34,66,12,100,7,8,1,6,8,1056,767
18,42,28,14,29,1,2,0,-1,0,224,292
6,33,113,19,127,7,8,0,-1,0,1808,1572
11,36,43,22,49,1,2,1,0,12,344,553
20,43,26,14,28,1,2,0,-1,0,208,534
19,43,28,14,29,1,2,0,-1,0,224,429
9,35,51,16,72,3,4,1,1,7,816,725
20,44,28,14,29,1,2,0,-1,0,224,238
3,32,218,37,159,7,8,0,-1,0,5232,3678
12,37,37,19,48,1,2,1,0,5,296,552
5,33,127,22,187,7,8,0,-1,0,3048,1638
13,38,32,16,41,1,2,1,0,3,256,366
7,34,100,17,125,7,8,0,-1,0,1600,1098
10,36,50,26,57,1,2,0,-1,0,400,695
2,37,231,18,68,15,16,0,-1,0,3696,2304
14,39,30,15,35,1,2,0,-1,0,240,309
11,37,48,26,56,1,2,0,-1,0,384,456
15,40,29,15,33,1,2,0,-1,0,232,1333
12,38,41,22,55,1,2,0,-1,0,328,1197
4,33,187,30,238,7,8,0,-1,0,5984,2281
6,34,125,22,143,7,8,0,-1,0,3000,2369
16,41,29,15,32,1,2,0,-1,0,232,307
13,39,35,19,46,1,2,0,-1,0,280,625
17,42,29,15,32,1,2,0,-1,0,232,422
3,33,239,35,170,7,8,1,6,30,5736,3089
14,40,33,18,39,1,2,1,0,2,264,284
2,38,252,29,72,15,16,0,-1,0,4032,3021
8,35,72,11,113,7,8,0,-1,0,1152,3192
15,41,33,17,37,1,2,0,-1,0,264,403
18,43,29,15,32,1,2,0,-1,0,232,799
16,42,32,17,36,1,2,0,-1,0,256,353
19,44,29,15,32,1,2,0,-1,0,232,274
5,34,143,25,206,7,8,0,-1,0,4576,1933
17,43,32,17,35,1,2,0,-1,0,256,380
9,36,57,9,81,7,8,0,-1,0,912,848
20,45,29,15,32,1,2,0,-1,0,232,412
7,35,113,19,144,7,8,0,-1,0,2712,2263
18,44,32,17,35,1,2,0,-1,0,256,461
4,34,207,33,258,7,8,1,6,45,8280,1884
10,37,56,16,64,3,4,0,-1,0,448,647
19,45,32,17,35,1,2,0,-1,0,256,315
3,34,259,40,184,7,8,2,6,55,6216,2764
6,35,144,25,158,7,8,0,-1,0,3456,1805
20,46,32,17,35,1,2,0,-1,0,256,591
11,38,55,29,64,1,2,0,-1,0,440,841
8,36,81,14,126,7,8,1,6,8,1296,1502
12,39,46,24,60,1,2,0,-1,0,368,465
9,37,65,12,91,7,8,1,4,8,1040,790
13,40,39,20,50,1,2,1,0,4,312,390
7,36,126,23,158,7,8,1,6,17,3024,1498
14,41,38,19,42,1,2,1,0,3,304,477
10,38,65,21,73,3,4,1,2,10,1040,627
2,39,270,20,77,15,16,0,-1,0,4320,4334
5,35,159,24,224,7,8,1,6,31,5088,3063
15,42,37,19,40,1,2,1,0,3,296,541
11,39,61,31,72,1,2,0,-1,0,976,497
8,37,92,17,139,7,8,1,4,6,2208,889
16,43,36,18,40,1,2,0,-1,0,288,398
12,40,50,26,68,1,2,0,-1,0,800,419
17,44,35,18,38,1,2,0,-1,0,280,485
3,35,285,44,201,7,8,0,-1,0,9120,3524
4,35,226,33,284,7,8,1,5,3,9040,3525
9,38,74,13,101,7,8,1,2,6,1184,966
13,41,42,22,56,1,2,0,-1,0,336,916
18,45,35,18,37,1,2,0,-1,0,280,607
6,36,159,26,174,7,8,1,6,17,3816,1665
19,46,35,18,37,1,2,0,-1,0,280,343
14,42,40,21,47,1,2,0,-1,0,320,516
20,47,35,18,37,1,2,0,-1,0,280,424
5,36,175,27,249,7,8,2,5,26,5600,1351
15,43,40,21,45,1,2,0,-1,0,320,550
7,37,140,22,174,7,8,1,6,38,3360,1146
10,39,73,13,83,7,8,0,-1,0,1168,1449
4,36,249,41,308,7,8,1,6,64,9960,1578
3,36,308,51,214,7,8,1,6,55,9856,1751
16,44,38,20,45,1,2,0,-1,0,304,371
2,40,289,21,82,31,32,1,29,28,4624,3854
17,45,37,19,43,1,2,0,-1,0,296,396
8,38,102,17,156,7,8,1,5,22,2448,1000
5,37,195,31,272,7,8,0,-1,0,7800,1413
18,46,37,19,41,1,2,0,-1,0,296,637
9,39,84,13,114,7,8,1,6,12,1344,833
3,37,333,50,231,7,8,1,6,43,10656,1649
6,37,176,26,194,7,8,1,5,3,5632,2066
19,47,37,19,41,1,2,0,-1,0,296,422
4,37,273,43,332,7,8,1,6,64,13104,2192
20,48,37,19,41,1,2,0,-1,0,296,442
10,40,83,14,94,7,8,1,6,18,1328,982
6,38,198,32,212,7,8,1,6,46,6336,1218
11,40,68,23,82,3,4,0,-1,0,1088,4929
7,38,157,25,198,7,8,1,6,6,5024,3489
5,38,213,35,294,7,8,1,6,40,8520,3056
3,38,364,59,252,7,8,0,-1,0,11648,3389
12,41,56,30,78,1,2,0,-1,0,896,579
11,41,79,23,94,3,4,1,2,17,1264,867
13,42,47,25,63,1,2,0,-1,0,376,565
2,41,311,12,86,31,32,0,-1,0,4976,5567
12,42,64,33,86,1,2,1,0,12,1024,480
13,43,53,27,69,1,2,1,0,6,848,339
8,39,115,16,173,7,8,2,6,11,2760,1435
14,43,45,24,52,1,2,0,-1,0,360,634
3,39,396,62,270,7,8,0,-1,0,15840,1555
6,39,216,34,233,7,8,0,-1,0,6912,1633
15,44,45,24,50,1,2,0,-1,0,360,348
7,39,174,26,215,7,8,1,6,32,5568,1956
14,44,51,26,57,1,2,1,0,3,408,551
16,45,43,23,49,1,2,0,-1,0,344,613
15,45,50,25,54,1,2,0,-1,0,400,787
8,40,129,20,189,7,8,1,6,25,3096,1326
4,38,295,48,364,7,8,1,6,60,14160,6411
16,46,47,24,53,1,2,0,-1,0,376,420
17,46,41,22,47,1,2,0,-1,0,328,989
9,40,96,14,128,7,8,2,6,14,1536,2410
18,47,41,22,45,1,2,0,-1,0,328,421
7,40,189,31,235,7,8,1,6,57,6048,2090
17,47,45,23,49,1,2,0,-1,0,360,769
19,48,41,22,45,1,2,0,-1,0,328,507
18,48,45,23,47,1,2,0,-1,0,360,520
2,42,330,17,92,31,32,0,-1,0,5280,4052
20,49,41,22,45,1,2,0,-1,0,328,466
10,41,96,14,106,7,8,2,6,16,1536,1498
19,49,45,23,47,1,2,0,-1,0,360,374
4,39,325,50,396,7,8,0,-1,0,18200,2913
8,41,140,22,209,7,8,0,-1,0,4480,2575
5,39,234,37,325,7,8,0,-1,0,11232,3357
20,50,45,23,47,1,2,0,-1,0,360,1430
9,41,107,17,139,7,8,1,1,4,2568,3086
11,42,88,14,106,7,8,1,5,3,1408,2116
9,42,118,19,154,7,8,0,-1,0,2832,1186
10,42,107,17,118,7,8,0,-1,0,1712,1202
12,43,70,21,98,3,4,1,1,3,1120,919
6,40,235,40,259,7,8,1,6,46,9400,2201
13,44,58,30,78,1,2,2,0,10,928,568
11,43,98,14,119,7,8,0,-1,0,1568,937
4,40,355,59,427,7,8,0,-1,0,19880,2860
14,45,56,28,64,1,2,1,0,3,448,399
5,40,259,43,355,7,8,1,6,59,12432,2710
10,43,119,19,131,7,8,0,-1,0,2856,1241
12,44,78,24,111,3,4,0,-1,0,1248,595
15,46,54,28,62,1,2,1,0,3,432,587
3,40,427,69,289,7,8,1,6,84,17080,8395
13,45,64,34,87,1,2,0,-1,0,1024,522
16,47,50,25,61,1,2,1,0,3,400,735
11,44,111,19,133,7,8,0,-1,0,2664,1663
14,46,62,34,70,1,2,1,0,9,992,856
6,41,264,43,284,7,8,0,-1,0,10560,1797
17,48,48,24,55,1,2,0,-1,0,384,410
5,41,284,47,384,7,8,0,-1,0,13632,2188
18,49,47,24,52,1,2,0,-1,0,376,553
15,47,62,33,70,1,2,1,0,6,992,763
12,45,87,14,120,7,8,1,6,16,1392,1113
19,50,47,24,51,1,2,0,-1,0,376,587
16,48,56,30,68,1,2,0,-1,0,896,1087
20,51,47,24,51,1,2,0,-1,0,376,679
4,41,385,60,463,7,8,0,-1,0,24640,3256
13,46,71,19,93,3,4,1,0,6,1136,1009
17,49,52,28,62,1,2,0,-1,0,416,482
7,41,210,34,263,7,8,0,-1,0,8400,5038
3,41,464,37,311,15,16,1,14,76,18560,3967
6,42,287,48,310,7,8,1,6,51,11480,2339
18,50,51,27,57,1,2,0,-1,0,408,488
19,51,51,27,55,1,2,0,-1,0,408,603
20,52,51,27,55,1,2,0,-1,0,408,480
5,42,310,50,420,7,8,1,6,78,17360,2073
8,42,154,26,229,7,8,1,6,8,4928,1949
3,42,499,52,330,15,16,1,14,95,23952,2760
14,47,71,36,76,1,2,1,0,7,1136,3381
9,43,132,23,171,7,8,1,6,18,3168,1291
4,42,421,66,499,7,8,2,6,217,26944,3261
6,43,315,48,340,7,8,1,6,54,15120,1879
15,48,69,35,75,1,2,1,0,11,1104,745
16,49,63,32,74,1,2,1,0,5,1008,742
10,44,134,24,146,7,8,1,6,29,3216,1515
7,42,229,38,287,7,8,1,6,20,9160,4850
17,50,58,29,67,1,2,1,0,3,928,553
5,43,342,52,457,7,8,1,6,66,21888,2165
11,45,121,20,147,7,8,1,6,10,2904,898
3,43,534,41,351,15,16,0,-1,0,25632,3333
12,46,94,16,133,7,8,1,6,14,2256,801
7,43,251,39,314,7,8,0,-1,0,10040,3457
4,43,458,68,534,7,8,1,6,85,32976,5198
18,51,56,28,61,1,2,0,-1,0,448,3747
8,43,172,28,250,7,8,1,6,39,5504,5589
6,44,349,57,371,7,8,2,6,155,16752,3497
7,44,278,47,348,7,8,2,6,140,13344,2967
19,52,55,28,59,1,2,0,-1,0,440,3273
9,44,147,25,187,7,8,1,6,21,3528,1980
8,44,187,32,277,7,8,0,-1,0,7480,2198
13,47,77,23,103,3,4,1,2,9,1232,5302
7,45,304,45,377,7,8,1,6,73,14592,2356
14,48,76,39,85,1,2,0,-1,0,1216,578
10,45,148,24,164,7,8,0,-1,0,3552,1399
9,45,164,28,207,7,8,0,-1,0,5248,1579
20,53,55,28,58,1,2,0,-1,0,440,2182
8,45,209,33,302,7,8,2,6,60,8360,1983
15,49,74,39,84,1,2,0,-1,0,1184,792
5,44,372,57,491,7,8,1,6,75,23808,6722
4,44,491,76,574,7,8,2,6,190,35352,6767
11,46,133,22,166,7,8,0,-1,0,3192,1460
10,46,166,29,183,7,8,0,-1,0,3984,1475
12,47,103,16,151,7,8,0,-1,0,2472,971
9,46,185,30,229,7,8,1,6,36,5920,1972
8,46,230,36,329,7,8,1,6,55,11040,2171
11,47,151,26,187,7,8,0,-1,0,3624,1293
13,48,85,13,116,7,8,0,-1,0,1360,677
5,45,404,61,531,7,8,2,6,146,29088,2165
14,49,84,24,95,3,4,0,-1,0,1344,546
12,48,116,20,165,7,8,1,6,13,2784,1149
9,47,203,31,250,7,8,1,6,37,6496,2078
13,49,96,17,126,7,8,1,6,12,1536,741
15,50,83,44,95,1,2,0,-1,0,1328,1390
10,47,188,32,202,7,8,1,6,31,6016,2726
6,45,378,55,402,7,8,0,-1,0,21168,4721
16,50,67,35,83,1,2,0,-1,0,1072,5421
14,50,96,30,104,3,4,1,2,10,1536,1083
17,51,61,32,74,1,2,0,-1,0,976,604
16,51,74,39,91,1,2,0,-1,0,1184,675
11,48,166,29,204,7,8,1,6,26,5312,1812
15,51,92,47,103,1,2,0,-1,0,1472,967
17,52,67,35,81,1,2,1,0,4,1072,522
10,48,205,32,224,7,8,0,-1,0,6560,2000
18,52,59,31,67,1,2,1,0,2,944,684
16,52,81,42,99,1,2,0,-1,0,1296,799
19,53,59,30,65,1,2,0,-1,0,944,375
18,53,66,34,73,1,2,1,0,3,1056,664
12,49,127,22,181,7,8,1,6,10,3048,1176
19,54,65,34,71,1,2,1,0,3,1040,432
7,46,329,50,408,7,8,1,6,77,18424,2616
20,54,58,30,64,1,2,0,-1,0,464,599
6,46,410,64,439,7,8,2,6,146,22960,2773
17,53,73,38,87,1,2,0,-1,0,1168,1214
11,49,181,27,227,7,8,0,-1,0,5792,2148
20,55,64,33,71,1,2,0,-1,0,1024,805
13,50,105,17,138,7,8,1,6,6,2520,1354
18,54,71,37,78,1,2,0,-1,0,1136,774
14,51,104,17,115,7,8,0,-1,0,1664,861
8,47,251,35,362,7,8,0,-1,0,12048,1905
19,55,71,37,76,1,2,0,-1,0,1136,640
7,47,364,56,450,7,8,0,-1,0,23296,1907
12,50,138,21,203,7,8,0,-1,0,4416,1254
20,56,69,36,76,1,2,0,-1,0,1104,445
15,52,99,31,114,3,4,0,-1,0,1584,806
13,51,115,17,154,7,8,0,-1,0,2760,1161
9,48,224,33,274,7,8,1,5,5,8960,1547
16,53,87,45,110,1,2,0,-1,0,1392,645
8,48,274,45,392,7,8,1,5,4,15344,1734
14,52,114,18,128,7,8,0,-1,0,1824,856
17,54,78,40,95,1,2,0,-1,0,1248,662
18,55,76,39,84,1,2,0,-1,0,1216,546
15,53,110,32,128,3,4,0,-1,0,1760,798
9,49,247,41,298,7,8,0,-1,0,9880,1413
16,54,95,50,120,1,2,1,0,10,1520,507
10,49,228,33,246,7,8,0,-1,0,7296,2179
19,56,76,39,82,1,2,0,-1,0,1216,671
17,55,85,44,103,1,2,1,0,6,1360,668
20,57,74,38,81,1,2,0,-1,0,1184,583
18,56,83,43,92,1,2,1,0,3,1328,577
11,50,203,31,253,7,8,0,-1,0,6496,1447
19,57,82,42,89,1,2,0,-1,0,1312,487
10,50,253,42,267,7,8,1,6,45,10120,1806
20,58,79,41,88,1,2,0,-1,0,1264,470
11,51,220,34,273,7,8,1,6,31,8800,1740
12,51,154,22,219,7,8,1,6,5,4928,2176
13,52,129,19,166,7,8,1,6,15,3096,1916
12,52,167,26,237,7,8,1,6,25,5344,3727
14,53,129,19,138,7,8,1,6,15,3096,2041
13,53,139,22,179,7,8,1,6,5,3336,1607
15,54,121,19,138,7,8,1,6,13,2904,1444
16,55,104,29,130,3,4,1,1,8,2496,1096
17,56,93,48,111,1,2,2,0,11,1488,752
14,54,139,22,151,7,8,0,-1,0,3336,2133
18,57,91,46,99,1,2,1,0,3,1456,733
19,58,89,46,97,1,2,1,0,3,1424,789
20,59,85,43,96,1,2,1,0,3,1360,958
15,55,130,19,152,7,8,0,-1,0,3120,2544
16,56,111,33,144,3,4,0,-1,0,2664,1363
17,57,99,51,122,1,2,0,-1,0,1584,897
18,58,97,51,107,1,2,1,0,9,1552,987
19,59,97,50,107,1,2,1,0,6,1552,853
20,60,91,47,105,1,2,0,-1,0,1456,643
